{
  "urls": [
    "audioSprites.wav"
  ],
  "sprite": {
    "check": [
      0,
      48864.920634920636
    ],
    "failure": [
      50000,
      2142.040816326528
    ],
    "give_up": [
      54000,
      1394.240362811793
    ],
    "round_created": [
      57000,
      2668.2766439909287
    ],
    "time_is_over": [
      61000,
      2977.9591836734694
    ],
    "win": [
      65000,
      2105.759637188214
    ]
  }
}